index	label	text
0	1	AAKKWAKAKWAKAKKWAKAA
1	1	AAVPIVNLKDELLFPSWEALFSGSE
2	1	AAWKWAWAKKWAKAKKWAKAA
3	1	AIGSILGALAKGLPTLISWIKNR
4	1	AKRHHGYKRKFH
5	1	ALSKALSKALSKALSKALSKALSK
6	1	ALWKDILKNVGKAAGKAVLNTVTDMVNQ
7	1	ALWKTMLKKLGTMALHAGKAALGAAADTISQGTQ
8	1	AWKKWAKAWKWAKAKWWAKAA
9	1	FAFAKIIAKIAKKII
10	1	FAFGKGIGKIGKKGL
11	1	FAKAIAKIAFGKGIGKVGKKLL
12	1	FAKALAKLAKKLL
13	1	FAKFLAKFLKKAL
14	1	FAKIIAKIAKIAKKIL
15	1	FAKKFAKKFKKFAKKFAKFAFAF
16	1	FAKKLAKKAKLAKKL
17	1	FAKKLAKKLKKLAKKLAKKWKL
18	1	FAKKLAKKLKKLAKKLAKLALALKALALKAL
19	1	FAKKLAKKLKKLAKKLIGAVLKV
20	1	FAKKLAKLAKKALAL
21	1	FAKKLAKLAKKLAKAL
22	1	FAKKLAKLAKKLAKLALAL
23	1	FAKKLAKLAKKLLAL
24	1	FAKKLAKLALKLAKL
25	1	FAKKLLAKALKL
26	1	FAKLAKKALAKLL
27	1	FAKLFAKLAKKFAL
28	1	FAKLLAKAFKKAL
29	1	FAKLLAKALKKAL
30	1	FAKLLAKALKKFAL
31	1	FAKLLAKALKLKL
32	1	FAKLLAKFLKKAL
33	1	FAKLLAKLAKAKA
34	1	FAKLLAKLAKKAL
35	1	FAKLLAKLAKKFAL
36	1	FAKLLFKALKKAL
37	1	FAKLLKLAAKKLL
38	1	FAKLWAKLAFGKGIGKVGKKLL
39	1	FAKLWAKLAKKL
40	1	FALAAKALKKLAKKLKKLAKKAL
41	1	FALAKALKKAL
42	1	FALAKKALKKAKKAL
43	1	FALAKLAKKAKAKLKKALKAL
44	1	FALALKALKKALKKLKKALKKAL
45	1	FALALKALKKLLKKLKKLAKKAL
46	1	FALALKLAKKAL
47	1	FALKALKKLKKALKKAL
48	1	FALLKALKKAL
49	1	FALLKALLKKAL
50	1	FKLAFKLAKKAFL
51	1	FKRLAKIKVLRLAKIKR
52	1	FLGALFHALSKLL
53	1	FLGALFKALSHLL
54	1	FLGALFKALSKLL
55	1	FLGMIPGLIGGLISAFK
56	1	FLGMIPKLIKKLIKAFK
57	1	FLGWLFKWAKK
58	1	FLGWLFKWAWK
59	1	FLKLLKKLAAKFLPTIICKISYKC
60	1	FLKLLKKLAAKLF
61	1	FLPLIGRVLSGIL
62	1	FLSLIPKLVKKIIKAFK
63	1	FLSLIPSLVGGSISAFK
64	1	FLWWLFKWAWK
65	1	GFFALIPKIISSPLFKTLLSAVGSALSSSGGQE
66	1	GFKMALKLLKKVL
67	1	GIGKFLHAAKKFAKAFVAEIMNS
68	1	GIGKFLHSAKKWGKAFVGQIMNC
69	1	GIGKFLKKAKKFAKAFVKIINN
70	1	GKFMSLLKHILK
71	1	GKWKKILGHLIR
72	1	GKWKKILGKLIR
73	1	GKWKSLLKHILK
74	1	GKWLSLLKHILK
75	1	GKWMKLLKHILK
76	1	GKWMSFLKHILK
77	1	GKWMSLLKHWLK
78	1	GKWMSLLKKILK
79	1	GKWMSLWKHILK
80	1	GKWMTLLKHILK
81	1	GKWSKILGKLIR
82	1	GLFAVIKKVAAVIKKL
83	1	GLFAVIKKVAAVIRRL
84	1	GLFAVIKKVASVIKGL
85	1	GLFDVIAKVASVIKKL
86	1	GLFDVIKAVASVIGGL
87	1	GLFDVIKKVAAVIGGL
88	1	GLFDVIKKVASVIKKL
89	1	GLFGKLIKKFARKAISYAVKKARGKH
90	1	GLFSVLGAVAKHVLPHVVPVIAEK
91	1	GMWSKILKHLIR
92	1	GMWSKLLGHLLR
93	1	GQVWEATATVNAIRGSVTPAVSQFNARTAD
94	1	GRRKRKWLRRIGKGVKIIGGAALDHL
95	1	GSEGPLKPGARIFSFDGKDVLRHPT
96	1	GVGSPYVSRLLGICL
97	1	GWRTLLKKAEVKTVGKLALKHYL
98	1	HHPHGHHPHGHHPHGHHPHG
99	1	HPTWPQKSVWHGSDPNGRRLTESY
100	1	HSHRDFQPVLHLVALNSPLSGGMRG
101	1	ILPWKWPWWPWRR
102	1	ILRWPWWPWRRK
103	1	KAAKKAAKAAKKAAKAAKKAA
104	1	KIAKVALAKLGIGAVLKVLTTGL
105	1	KILRGVAKKILRTFLRRISKDILTGKK
106	1	KILRGVAKKIMRTFLRRISKKILTGKK
107	1	KISKRILTGKK
108	1	KKKFPWWWPFKKKCKKKFPWWWPFKKKC
109	1	KLAKKLAKLAKLAKAL
110	1	KNWKKILGKIIKVVK
111	1	KNWKKILKKIIKVVK
112	1	KTKLFKKFAKKLAKKLKKLAKKL
113	1	KWFKKIPKFLHLLKKF
114	1	KWKFKKIPKFLHLAKKF
115	1	KWKKFLKIGIGKFLHLAKKF
116	1	KWKKLLKKPPPLLKKLLKKL
117	1	KWKLAKKALALL
118	1	KWKLFAKIGIGKFLHLAKKF
119	1	KWKLFKKALKKLKKALKKAL
120	1	KWKLFKKIGIGAFLHLAKKF
121	1	KWKLFKKIGIGAVLKVLKKG
122	1	KWKLFKKIGIGKFKLAKKF
123	1	KWKLFKKIGIGKFLHSAKKF
124	1	KWKLFKKIPHLAKKF
125	1	KWKLFKKIPLAKKF
126	1	KWKLFKKIPLKKF
127	1	KWKLFKKKTKLFKKFAKKLAKKL
128	1	KWKSFAKTFKSAKKTVAHTALKAISS
129	1	KWKSFLKTFKSAKKTVAHTAAKAISS
130	1	KYKKALKKLAKLL
131	1	LGGIVSAVKKIVDFLG
132	1	LLGDFKRIVQRIKDF
133	1	LPKWKVFKKIEKVGRNIRNGIVKAGPAIAVLGEAKALG
134	1	MNFNKLFVFVALVLAVCIGQSEAGWLKKIGKKIERVGQHTRDATIQTIGVAQ
135	1	MNFQQRLQSLWTLARPFCPPLLATASQMQMVVLPCLGFTLLLWSQVSGAQGQEFHFGPCQVKGVVPQ
136	1	MPKEKVFLKIEKMGRNIRN
137	1	MPRWRLFRRIDRVGKQIKQGILRAGPAIALVGDARAVG
138	1	MRKWFHNVLSSGQLLADKWPAWDYNRK
139	1	MWKEFHNVLSSGQLLADKRWARWYNRW
140	1	MWKWFHNVLSSGQLLADKWWAWWYNWW
141	1	MWKWFHNVLSSWQLLADKRPARDYNRK
142	1	NKWKKILGKIIKVVK
143	1	NYHNRTVEVRTLKSFSTLANNFVLIVSQLQPSQENEMFSIRGDSAHRRFLLFRRAFKQLDVEAAL
144	1	PDEDAINDALNKVCSTGRRQRSICKQLLKK
145	1	PEWFKCRRWQWRMKKLGA
146	1	RGDLLRHVVKILEKYL
147	1	RKAFRWAWRMLKKAAPSITCVR
148	1	RWGKWFKKATHVGKHVGKAALTAYL
149	1	SWLSKTAKKLENSAKKRISEGIAIAIQGGPR
150	0	AAEFPDFYDSEEQMGPHQEAEDEKDRADQRVLTEEEKKELENLAAMDLELQKIAEKFSQR
151	0	AAKPMGITCDLLSLWKVGHAACAAHCLVLGDVGGYCTKEGLCVCKE
152	0	ACNFQSCWATCQAQHSIYFRRAFCDRSQCKCVFVRG
153	0	ACYCRIGACVSGERLTGACGLNGRIYRLCCR
154	0	AEVAPAPAAAAPAKAPKKKAAAKPKKAGPS
155	0	AFPPPNVPGPRFPPPNFPGPRFPPPNFPGPRFPPPNFPGPRFPPPNFPGPPFPPPIFPGPWFPPPPPFRPPPFGPPRFP
156	0	AGANDLCQECEDIVHLLTKMTKEDAFQDTIRKFLEQECDILPLKLLVPRCRQVLDVYLPLVIDYFQGQIKPKAICSHVGLC
157	0	AGDPLADPNSQIVRQIMSNAAWGPPLVPERFRGMAVGAAGGVTQTVLQGAAAHMPVNVPIPKVPMGPSWNGSKG
158	0	ALPKKLKYLNLFNDGFNYMGVV
159	0	ALSILKGLEKLAKMGIALTNCKATKKC
160	0	ALWKDILKNAGKAALNEINQLVNQ
161	0	ANTAFVSSAHNTQKIPAGAPFNRNLRAMLADLRQNAAFAG
162	0	APPGARPPPGPPPPGPPPPGP
163	0	AQRCGDQARGAKCPNCLCCGKYGFCGSGDAYCGAGSCQSQCRGCR
164	0	ATAVDFGPHGLLPIRPIRIRPLCGKDKS
165	0	ATCDLFSFRSKWVTPNHAACAAHCLLRGNRGGRCKGTICHCRK
166	0	ATCDLLSGIGVQHSACALHCVFRGNRGGYCTGKGICVCRN
167	0	ATCDLLSGTGINHSACAAHCLLRGNRGGYCNGKAVCVCRN
168	0	ATCDLLSMWNVNHSACAAHCLLLGKSGGRCNDDAVCVCRK
169	0	ATCYCRTGRCATRESLSGVCEISGRLYRLCCR
170	0	ATPATPTVAQFVIQGSTICLVC
171	0	ATRVVYCNRRSGSVVGGDDTVYYEG
172	0	AVDFSSCARMDVPGLSKVAQGLCISSCKFQNCGTGHCEKRGGRPTCVCDRCGRGGGEWPSVPMPKGRSSRGRRHS
173	0	AVTCNTVVSSLAPCVPFFAGSAAQPTAACCNGVRSLNSAARTTPDRRTACNCIKSSASSIGLNYNKAAKLPSRCTVNVTVPISPSVNCAT
174	0	CAWYNISCRLGNKGAYCTLTVECMPSCN
175	0	CLAGRLDKQCTCRRSQPSRRSGHEVGRPSPHCGPSRQCGCHMD
176	0	CSCRTSSCRFGERLSGACRLNGRIYRLCC
177	0	DAPGHPGKHYLQVNVPSDVRTIGVAGGGVQQCFRVTPGAWNDTRALVSNGAQVEVWGYTVADCANRTTANQKYYDKAAAPSDSSTYFWFTLKNLRV
178	0	DDMTMKPTPPPQYPLNLQGGGGGGSGDGFGFAVQGHQKVWTSDNGRHEIGLNGGYGQHLGGPYGNSEPSWKVGSTYTYRFPNF
179	0	DFKDWMKTAGEWLKKKGPGILKAAMAAAT
180	0	DHHHDHGHDDHEHEELTLEKIKEKIKDYADKTPVDQLTERVQAGRDYLLGKGARPSHLPARVDRHLSKLTAAEKQELADYLLTFLH
181	0	DIQIPGIKKPTHRDIIIPNWNPNVRTQPWQRFGGNKS
182	0	DLRFLYPRGKLPVPTLPPFNPKPIYIDMGNRY
183	0	DLRFWNPREKLPLPTLPPFNPKPIYIDMGNRY
184	0	DSHEKRHHGYRRKFHEKHHSHREFPFYGDYGSNYLYDN
185	0	DVQCGEGHFCHDQTCCRASQGGACCPYSQGVCCADQRHCCPVGF
186	0	EADEPLWLYKGDNIERAPTTADHPILPSIIDDVKLDPNRRYA
187	0	EIRLPEPFRFPSPTVPKPIDIDPILPHPWSPRQTYPIIARRS
188	0	EKKCPGRCTLKCGKHERPTLPYNCGKYICCVPVKVK
189	0	ELPKLPDDKVLIRSRSNCPKGKVWNGFDCKSPFAFS
190	0	ENDHRMPNNLNRPNNLSKGGAKCGAAIAGGLFGIPKGPLAWAAGLANVYSKCN
191	0	ENFFKEIERAGQRIRDAIISAAPAVETLAQAQKIIKGGD
192	0	ERGSRGQRCGPGEVFNQCGSACPRVCGRPPAQACTLQCVSGCFCRRGYIRTQRGGCIPERQCHQR
193	0	ETESTPDYLKNIQQQLEEYTKNFNTQVQNAFDSDKIKSEVNNFIESLGKILNTEKKEAPK
194	0	FAEPLPSEEEGESYSKEPPEMEKRYGGFM
195	0	FFRHLFRGAKAIFRGARQGWRAHKVVSRYRNRDVPETDNNQEEP
196	0	FFSASCVPGADKGQFPNLCRLCAGTGENKCA
197	0	FGLPMLSILPKALCILLKRKC
198	0	FSFKRLKGFAKKLWNSKLARKIRTKGLKYVKNFAKDMLSEGEEAPPAAEPPVEAPQ
199	0	FSKYERQKDKRPYSERKNQYTGPQFLYPPERIPPQKVIKWNEEGLPIYEIPGEGGHAEPAAA
200	0	GEILCNLCTGLINTLENLLTTKGADKVKDYISSLCNKASGFIATLCTKVLDFGIDKLIQLIEDKVDANAICAKIHAC
201	0	GFGCPLDQMQCHRHCQTITGRSGGYCSGPLKLTCTCYR
202	0	GFKLKGMARISCLPNGQWSNFPPKCIRECAMVSS
203	0	GGLKKLGKKLEGVGKRVFKASEKALPVAVGIKALGK
204	0	GGLKKLGKKLEGVGKRVFKASEKALPVLTGYKAIG
205	0	GILDSFKQFAKGVGKDLIKGAAQGVLSTMSCKLAKTC
206	0	GILDSLKNLAKNAGQILLNKASCKLSGQC
207	0	GILDTLKNLAISAAKGAAQGLVNKASCKLSGQC
208	0	GILDTLKQFAKGVGKDLVKGAAQGVLSTVSCKLAKTC
209	0	GKQYFPKVGGRLSGKAPLAAKTHRRLKP
210	0	GKWGWIYITILFADVGGFKSSRHPEERRVQERRFKRITRGPD
211	0	GLFRRLRDSIRRGQQKILEKARRIGERIKDIFRG
212	0	GLFSILRGAAKFASKGLGKDLTKLGVDLVACKISKQC
213	0	GLFTLIKCAYQLIAPTVACN
214	0	GLGSVFGRLARILGRVIPKVAKKLGPKVAKVLPKVMKEAIPMAVEMAKSQEEQQPQ
215	0	GLLCYCRKGHCKRGERVRGTCGIRFLYCCPRR
216	0	GLLDSIKGMAISAGKGALQNLLKVASCKLDKTC
217	0	GLLDSLKNLAINAAKGAGQSVLNTLSCKLSKTC
218	0	GLLNGLALRLGKRALKKIIKRLCR
219	0	GLLRASSVWGRKYYVDLAGCAKA
220	0	GLLSGVLGVGKKVDCGLSGLC
221	0	GLLSRLRDFLSDRGRRLGEKIERIGQKIKDLSEFFQS
222	0	GLMSVLGHAVGNVLGGLFKS
223	0	GLRSKIWLWVLLMIWQESNKFKKM
224	0	GLVSSIGKALGGLLADVVKTKEQPA
225	0	GLVSSIGRALGGLLADVVKSKEQPA
226	0	GPDSCNHDRGLCRVGNCNPGEYLAKYCFEPVILCCKPLSPTPTKT
227	0	GRPNPVNNKPTPHPRL
228	0	GRPNPVNTKPTPYPRL
229	0	GRRRRSVQWCAVSQPEATKCFQWQRNMRKVRGPPVSCIKRDSPIQCIQA
230	0	GSCSCSGTISPYGLRTCRATKTKPSHPTTKETHPQTLPT
231	0	GSKKPVPIIYCNRRTGKCQRM
232	0	GSNFCDSKCKLRCSKAGLADRCLKYCGICCEECKCVPSGTYGNKHECPCYRDKKNSKGKSKCP
233	0	GSQLVYREWVGHSNVIKGPP
234	0	GSVLNCGETCLLGTCYTTGCTCNKYRVCTKD
235	0	GTCKAECPTWEGICINKAPCVKCCKAQPEKFTDGHCSKILRRCLCTKPC
236	0	GTPGFQTPDARVISRFGFN
237	0	GTWDDIGQGIGRVAYWVGKALGNLSDVNQASRINRKKKH
238	0	GVFLDALKKFAKGGMNAVLNPK
239	0	GVFSFLKTGAKLLGSTLLKMAGKAGAEHLACKATNQC
240	0	GVIKSVLKGVAKTVALGML
241	0	GVITDALKGAAKTVAAELLRKAHCKLTNSC
242	0	GVLDILKGAGKDLLAHALSKISEKV
243	0	GVLDILTGAGKDLLAHALSKLSEKV
244	0	GVVDILKGAGKDLLAHLVGKISEKV
245	0	GWANTLKNVAGGLCKITGAA
246	0	HHQELCTKGDDALVTELECIRLRISPETNAAFDNAVQQLNCLNRACAYRKMCATNNLEQAMSVYFTNEQIKEIHDAATACDPEAHHEHDH
247	0	HNKQEGRDHDKSKGHFHRVVIHHKGGKAH
248	0	HRHQGPIFDTRPSPFNPNQPRPGPIY
249	0	HVDKKVADKVLLLKQLRIMRLLTRL
250	0	IFGAILPLALGALKNLIK
251	0	IIEKLVNTALGLLSGL
252	0	IIGLVSKGTCVLVKTVCKKVLKQG
253	0	IKITTMLAKLGKVLAHV
254	0	ILENLLARSTNEDREGSIFDTGPIRRPKPRPRPRPEG
255	0	ITCQQVTSELGPCVPYLTGQGIP
256	0	IYWIADQFGIHLATGTARKLLDAMASGASLGTAFAAILGVTLPAWALAAAGALGATAA
257	0	KCKWWNISCDLGNNGHVCTLSHECQVSCN
258	0	KLWEAFWAVKDTMQAQDNITSARLLQQEVLQNVSDAESCYLVHTLLEFYLKTVFKNYHNRTVE
259	0	KQEGRDHDKSKGHFHMIVIHHKGGQAHHG
260	0	KQQLATEAESAGPIL
261	0	KRFGRLAKSFLRMRILLPRRKILLAS
262	0	KRFHSVGSLIQRHQQMIRDKSEATRHGIRIITRPKLLLAS
263	0	KRRGSVTTRYQFLMIHLLRPKKLFA
264	0	KRRHWFPLSFQEFLEQLRRFRDQLPFP
265	0	KSCCRSTQARNIYNAPRFAGGSRPLCALGSGCKIVDDKKTPPND
266	0	LCLDQKPEMEPFRKDAQQALEPSRQRRWLHRRCLSGRGFCRAICSIFEEPVRGNIDCYFGYNCCRRMFSHYRTS
267	0	LIDHLGAPRWAVDTILGAIAVGNLASWVLALVPGPGWAVKAGLATAAAIVKHQGKAAAAAW
268	0	LLGRCKVKSNRFHGPCLTDTHCSTVCRGEGYKGGDCHGLRRRCMCLC
269	0	LPVNEAQCRQVGGYCGLRICNFPSRFLGLCTRNHPCCSRVWV
270	0	LQDAALGWGRRCPQCPRCPSCPSCPRCPRCPRCKCNPK
271	0	LRVRLASHLRKLRKRLLRDADDLQKRLAVY
272	0	LSCKRGTCHFGRCPSHLIKGSCSGG
273	0	LTCEIDRSLCLLHCRLKGYLRAYCSQQKVCRCVQ
274	0	MDSNKDERAYAQWVIIILHNVGSSPFKIANLGLSWGKLYADGNKDKEV
275	0	MHDFWVLWVLLEYIYNSACSVLSATSSVSSRVLNRSLQVKVVKITN
276	0	MINRTDCNENSYLEIHNNEGRDTLCFANAGTMPVAIYGVNWVESGNNVVTLQFQRNLSDPRLETITLQKWGSWNPGHIHEILSIRIY
277	0	MKTFSVAVAVAIVLAFICTQESSALPVTGVEELVELVSSDDPVADHQELPVELGERLFNIRKKRASPKCTPYCYPTRDGVFCGVRCDF
278	0	MKTFSVAVAVAVVLAFICTQESSALPVTGIEELVEPVSSDNNDNHQGLPVELRERLVNIRKKRAPTDCIPYCYPTGDGFHCGVTCRF
279	0	MLAKIKAMIKKFPNPYTLAAKLTTYEINWYKQQYGRYPWERPVA
280	0	MNFNKLFVFVALVLAVCIGQSEAGWLKKIGKKIERVGQHTRDATIQTIGVAQ
281	0	MRILYLLFSVLFLVLQVSPGLSLPQRDMFLCRIGSCHFGRCPIHLVRVGSCFGFRSCCKSPWDV
282	0	PDEDAINDALNKVCSTGRRQRSICKQLLKK
283	0	SKRNTWTPSGSNTKWMVEWSGQNLDSGALGTITVDVLRKGN
284	0	SKYGGECSVEHNTCTYLKGGKDHIVSCPSAANLRCKTERHHCEYDEHHKTVDCQTPV
285	0	SLQGGAPNFPQPSQQNGGWQVSPDLGRDDKGNTRGQIEIQNKGKDHDFNAGWGKVIRGPNKAKPTWHVGGTYRR
286	0	SLQPGAPNVNNKDQPWQVSPHISRDDSGNTRTDINVQRHGENNDFEAGWSKVVRGPNKAKPTWHIGGTHRW
287	0	TYMPVEEGEYIVNISYADQPKKNSPFTAKKQPGPKVDLSGVKAYGPG
288	0	VLLFLFQAAPGSADAPFADTAACRSQGNFCRAGACPPTFAASGSCHGGLLNCCAK
289	0	VNYGNGVSCSKTKCSVNWGQAFQERYTAGINSFVSGVASGAGSIGRRP
290	0	VQETQKLAKTVGANLEETNKKLAPQIKSAYDDFVKQAQEVQKKLHEAASKQ
291	0	VSCTCRRFSCGFGERASGSCTVNGVRHTLCCRR
292	0	VTCDILSVEAKGVKLNDAACAAHCLFRGRSGGYCNGKRVCVCR
293	0	VTCDLLSFEAKGFAANHSLCAAHCLAIGRRGGSCERGVCICRR
294	0	VTCYCRRTRCGFRERLSGACGYRGRIYRLCCR
295	0	VTSWSLCTPGCTSPGGGSNCSFCC
296	0	WNPFKELERAGQRVRDAIISAGPAVATVAQATALAK
297	0	YPSDYNGKTVGPDEKIQINSCGRENASSGTEGSFDIVDPNDGNKTIRHFYWECPWG
298	0	YRQSMNNFQGLRSFGCRFGTCTVQKLAHQIYQFTDKDKDNVAPRSKISPQGY
299	0	YVPLPNVPQPGRRPFPTFPGQGPFNPKIKWPQGY
